<?xml version="1.0" encoding="utf-8" ?>
<odoo>
    <record id="action_a4_custom_inv_report_pdf" model="ir.actions.report">
        <field name="name">Invoice Bill</field>
        <field name="model">account.move</field>
        <field name="report_type">qweb-pdf</field>
        <field name="report_name">habe_report_inv.report_habe_report_po_doc</field>
        <field name="report_file">habe_report_inv.report_habe_report_po_doc</field>
        <field
            name="print_report_name"
        >'Invoice Bill Report - [%s]' % (object.name or)</field>
        <field name="paperformat_id" ref="habe_report_inv.paperformat_a4_custom_inv" />
    </record>
</odoo>
